<odoo>
    <data>
<!--        <record id="module_category_campaign" model="ir.module.category">-->
<!--            <field name="name">Campaign</field>-->
<!--            <field name="description">Campaigns</field>-->
<!--            <field name="sequence">15</field>-->
<!--        </record>-->
        <!-- <record id="group_campaign_user" model="res.groups">
            <field name="name">User</field>
            <field name="category_id" ref="internal_pricing.module_category_campaign"/>
        </record> -->
        <record id="group_campaign_manager" model="res.groups">
            <field name="name">Manager</field>
            <field name="category_id" ref="base.module_category_uncategorized"/>
            <field name="implied_ids" eval="[(4, ref('base.user_root')), (4, ref('base.user_admin'))]" />
        </record>
    </data>
</odoo>
