<?xml version="1.0" encoding="utf-8"?>
<odoo>
    <data noupdate="1">
        <!-- Multi - Company Rule -->
        <record model="ir.rule" id="sales_projects_apartment_multi_company_rule">
            <field name="name">sales.projects.apartment.multi-company</field>
            <field name="model_id" ref="model_sales_projects_apartment"/>
            <field name="global" eval="True"/>
            <field name="domain_force">[('company_ids', 'in', company_ids)]</field>
        </record>
    </data>
</odoo>
